0,32,408,tropical storm damage
1,22,435,policies to limit population growth
2,22,435,family planning limit population growth
36,25,347,countries prevent species going extinct
37,25,347,county wildlife conservation
38,25,347,country wildlife conservation
39,25,347,country wildlife conservation species native to country
40,25,347,country wildlife conservation species native to country
41,25,347,extinct native species stop
42,25,347,non us stop extinction
43,25,347,foreign wildlife conservacion
44,25,347,foreign wildlife conservation
45,38,347,saving animals outside usa
46,38,347,prevent extinction
47,38,347,prevent extinction and new species
48,38,347,prevent extinction of wildlife and new species
49,38,347,countrysprevent extinction of wildlife
50,38,347,countrys prevent extinction of wildlife
51,38,347,prevent extinction of wildlife
52,38,347,africa prevent extinction of wildlife
53,38,347,england prevent extinction of wildlife
77,14,341,international airport screening
78,14,341,international airport screening procedure
79,14,341,international airport screen
80,1,341,international airport luggage screening
81,1,341,international airport screening
82,1,341,international airport screening
83,1,341,canada airport screening
84,1,341,luggage screening uk
85,1,341,luggage screening airport
86,1,341,passenger screening airport
87,1,341,passenger screening airport international
88,1,341,passenger screening airport
89,1,341,luggage screening airport
90,1,341,airport screening
93,19,435,curbing population growth
94,19,435,curbing population growth policies
95,19,435,population growth policies
141,42,341,international airport passenger screening
142,42,341,international airport luggage screening
143,42,341,carry on luggage screening
144,42,341,passenger screening procedures
145,42,341,carry on luggage screening procedures
146,42,341,procedures for screening luggage
147,42,341,procedures for screening passenger
148,42,341,procedures for screening passengers
149,42,341,passenger screening
150,35,341,international airports screening passengers and carry on
151,35,341,london international airports screening passengers and carry on
152,35,341,london airports screening passengers and carry on
153,35,341,french airports screening passengers and carry on
154,35,341,africa airports screening passengers and carry on
155,35,341,mexico airports screening passengers and carry on
156,35,341,japan airports screening passengers and carry on
157,35,341,international airports screening passengers and carry on
158,35,341,europe airport screening passengers and carry on
159,35,341,europe airport screening
160,35,341,airport screening
161,35,341,europe airport screening
162,35,341,israel airport screening
163,35,341,israel airport checking passengers
164,35,341,israel airport checking passengers
165,35,341,arab airport checking passengers
166,35,341,german airport checking passengers
167,35,341,airport screening
168,35,341,airport screening international
169,35,341,europe screening international
170,35,341,europe screening international airports
171,35,341,chicago screening international airports
172,35,341,africa screening international airports
173,35,341,la international airport screening international airports
174,35,341,better airport screening
175,35,341,better airport screening international
176,35,341,brazil airport screening international
177,35,341,airport bag screening international
191,28,347,wildlife extinction prevention
192,28,347,wildlife species extinction prevention
193,28,347,foreign wildlife protection
194,28,347,foreign wildlife protection extinction
243,24,408,tropical storms with big damages
244,24,408,tropical storms with damages
251,9,408,major new tropical storms
252,9,408,major damage new tropical storms
253,9,408,major damage hurricans
254,9,408,hurricanes causing death
255,2,347,wildlife extinction
277,44,435,population control
286,7,341,international airport baggage screening
287,7,341,carry on screening
288,7,341,airport carry on screening
289,7,341,airport screening improvements
290,7,341,international airport screening
291,7,341,luggage screening
292,7,341,lax luggage screening
293,7,341,newark airport luggage screening
295,3,408,yolanda
296,3,408,yolanda hurricane
297,3,408,cat 5 hurricane
298,3,408,cat 4 hurricane
299,3,408,strongest hurricane
300,3,408,strongest hurricane george
301,3,408,hurricane deaths
302,3,408,hurricane hugo
303,3,408,hurricane yolanda
304,3,408,hurricane death
311,41,341,airport screening
312,41,341,airport baggage screening
313,41,341,airport baggage
314,41,341,baggage screening
315,41,341,airport luggage inspection
316,41,341,airport luggage inspection methods
317,41,341,airport luggage security methods
318,41,341,airport luggage security
319,41,341,effective airport screening
320,41,341,jfk airport screening
321,41,341,jfk airport
322,41,341,is airport screening effective
323,41,341,airport screening
324,41,341,airport screening success
325,41,341,international security
326,41,341,international airport security
327,41,341,government airport security
328,41,341,effectiveness of airport security
329,41,341,international airport procedures
330,41,341,international passenger screening
331,41,341,i have been on this for 30 minutes and have made no progress
332,41,341,airport security
333,41,341,airport security passengers
334,41,341,carry on baggage checks
335,41,341,carry on luggage checks
336,41,341,international airport security measures
337,41,341,international airport scrutiny
338,41,341,airport airpot airport airport airport airport airport
339,41,341,airport
340,41,341,airport passenger security
341,41,341,checking passenger luggage
457,43,435,africa population control
458,43,435,africa human population control
459,43,435,china human population control
460,43,435,human population control
461,43,435,india population control
462,43,435,human population control success
463,43,435,human population control results
464,43,435,china population policy results
465,43,435,population policy results
466,6,341,screening efforts by new airports
467,6,341,screening efforts of luggage by new airports
468,6,341,screening efforts of luggage by international airports
469,6,341,screening of luggage by international airports
470,6,341,security new international airports
502,17,435,population growth reduction
503,17,435,population reduction
504,17,435,population reduction success
505,17,435,population control measures
506,17,435,population control success
507,17,435,japan population control
508,17,435,population control
538,39,347,countries efforts in protecting endangered species
539,39,347,countries apart from usa efforts in protecting endangered species
540,39,347,non usacountries efforts in protecting endangered species
541,39,347,non usa countries efforts in protecting endangered species
542,39,347,countries efforts in protecting endangered species
543,39,347,countries efforts in protecting wildlife endangered species
544,39,347,countries efforts in protecting wildlife endangered species
548,27,435,countries success slowing population
549,4,408,hurricane caribbean
550,4,408,hurricane caribbean damage
551,4,408,hurricane japan damage
552,4,408,typhoon japan damage
553,4,408,typhoon china damage
570,21,347,what are countries doing to prevent extinction of animals
571,21,347,countries fighting animal extinction
572,21,347,countries fighting wildlife extinction
573,21,347,what countries fighting wildlife extinction
574,21,347,what countries are fighting wildlife extinction
585,30,435,population growth prevention
586,30,435,population prevention
587,30,435,population control
594,11,408,countries discussion of tropical storm damage
595,11,408,countries of tropical storm damage
611,18,347,endangered species
623,15,408,hurricane katrina property damage
624,15,408,hurricane katrina
625,15,408,hurricanes with significant damage
626,15,408,tropical storms with significant damage
627,15,408,typhoons with significant damage
628,15,408,asia typhoons with significant damage
629,15,408,asia typhoons with significant damage
630,15,408,typhoons with significant damage
631,15,408,hurricanes with significant damage
632,15,408,hurricane bonnie
633,15,408,hurricane bonnie afternath
634,15,408,hurricane bonnie results
635,15,408,hurricane bonnie damage
636,15,408,1990s hurricanes
637,15,408,hurricanes and property damage caused
638,16,341,screen passengers international airports
639,16,341,screen passengers european airports
640,16,341,screen passengers airports
688,36,408,tropical storms property damage and loss of life
689,36,408,tropical storms significant property damage
690,36,408,tropical storms significant loss of life
691,36,408,significant damage from hurricane
692,36,408,significant loss of life from hurricane
693,36,408,hurricane loss of life
737,40,435,1 million lost children in india
738,40,435,china 1 child law
739,40,435,iceland cystic fibrosis
740,40,435,iceland down syndrome
741,40,435,india population control
742,40,435,indonesia population control
743,40,435,japan population control
744,40,435,nigeria population control
745,47,347,countries prevent extiction
746,47,347,countries prevent extinction
747,47,347,world wide save endangered list
748,47,347,world wide save endangered
749,20,347,international wildlife protection
751,46,341,european airport screening methods
752,46,341,airport screening methods
753,46,341,airport methods for screening luggage
754,46,341,airport security
755,46,341,airport security luggage
825,12,435,national overpopulation prevention
826,12,435,overpopulation prevention
827,12,435,prevent population growth
830,5,435,curbing population growth
831,5,435,how to control population
832,5,435,how to control population growth
874,49,341,international airport screening
875,49,341,international airport security
876,49,341,international airport security screening
877,31,347,british wildlife conservation
878,31,347,chinesewildlife conservation
879,31,347,chinese wildlife conservation
880,31,347,chinese pandaconservation
881,31,347,chinese panda conservation
882,0,347,wildlife preservation extinction france
883,0,347,wildlife preservation extinction canada
884,0,347,wildlife preservation extinction uk
885,0,347,wildlife preservation extinction europe
886,0,347,wildlife preservation extinction asia
887,0,347,wildlife preservation extinction south america
888,0,347,wildlife preservation extinction central america
889,0,347,wildlife preservation extinction canada
890,0,347,wildlife preservation extinction australia
891,0,347,wildlife preservation extinction netherland
892,0,347,wildlife preservation extinction netherlands
893,0,347,wildlife preservation extinction
898,50,435,curbing population growth
899,48,408,storm damage
900,48,408,hurricane damage
901,48,408,typhoon damage
902,13,435,population growth curb
903,13,435,population growthsuccess
904,13,435,population growth success
905,13,435,population growth
906,13,435,population growth down
924,37,435,curbing population growth
980,10,408,deadliest recent tropical storms
981,10,408,deadliest tropical storms
982,10,408,most destructive tropical storms
998,23,347,prevent wild life extinction africa
999,23,347,prevent wild life extinction
1000,23,347,prevent wild life extinction amazon
1001,23,347,wild life extinction amazon
1008,26,347,china protection endangered species
1009,26,347,russiaprotection endangered species
1010,26,347,russia protection endangered species
1011,26,347,russia protection endangered species
1012,26,347,africa protection endangered species
1013,26,347,austrailiaprotection endangered species
1014,26,347,austrailia protection endangered species
1015,26,347,australia protection endangered species
1016,26,347,brasil protection endangered species
1017,26,347,brazil protection endangered species
1018,26,347,canada protection endangered species
1019,26,347,south arfica protection endangered species
1020,26,347,south arfrica protection endangered species
1021,26,347,south african protection endangered species
1022,26,347,nigeria protection endangered species
1023,26,347,japan protection endangered species
1024,26,347,india protection endangered species
1025,26,347,france protection endangered species
1026,26,347,englandprotection endangered species
1027,26,347,england protection endangered species
1028,26,347,congo protection endangered species
1029,26,347,nepal protection endangered species
1042,45,341,passengers and luggage screening airports
1043,45,341,luggage screening airports
1044,45,341,luggage screening international flights
1051,8,408,hurricane andrew
1052,8,408,typhoon
1053,8,408,typhoon zab
1054,8,408,typhoon effects
1055,8,408,hurricane
1057,29,435,curb population growth
1058,29,435,curb population growth results
1061,34,347,species extinction prevent
1062,34,347,extinction prevent
1064,33,347,foreign country animal preservation
1065,33,347,foreign country wildlife preservation
54,50,347,saving wildlife from extinction
61,14,347,conservation efforts
62,14,347,conservation efforts species
63,14,347,conservation efforts species new
64,36,347,wildlife preservation efforts around the world
65,36,347,wildlife preservation efforts
96,28,408,tropical storms property damage
127,35,408,tropical storm damage
128,35,408,tropical hurricane damage
129,35,408,hurricane damage florida
130,35,408,hurricane andrew
131,35,408,hurricane floyd
132,35,408,hurricane texas
133,35,408,hurricane bret
134,35,408,hurricane louisiana
135,35,408,hurricane sandy
136,35,408,hurricane mitc
137,35,408,hurricane mitch
138,35,408,hurricane deadliest
139,35,408,typhoon deadliest
140,35,408,typhoon damage
197,2,435,curbing population growth
198,2,435,curbing population growth successful
199,2,435,curbing population success
200,2,435,curbing human population success
201,2,435,human population success
202,2,435,human population
203,2,435,population growth succes
204,2,435,population growth success
205,31,408,hurricane irma
206,31,408,damaging hurricane
207,31,408,hurricane fatality
225,25,435,china population control
226,25,435,successful population control
227,25,435,country succeeds population control
228,25,435,what countries have population control
229,25,435,india birth control
230,25,435,countries have population control
231,25,435,what countries have population control
232,25,435,birth control
233,25,435,country succeeds birth control
234,25,435,population measure reduced
235,25,435,population india
236,25,435,population growth government program
237,25,435,pakistan population program
238,25,435,pakistan population program results
239,25,435,thailand population program
240,25,435,thailand population growth
241,25,435,thailand population control
242,25,435,thailand population control program
256,19,347,efforts made by countries other than the united states to prevent the extinction of wildlife species native to their countries
257,19,347,efforts to prevent extinction
258,19,347,efforts to prevent extinction of tigers
259,19,347,efforts to prevent extinction
260,19,347,efforts to prevent extinction of birds
261,19,347,prevent extinction fo birts
262,19,347,prevent extinctionof birds
263,19,347,prevent extinction of birds
264,19,347,prevent extinction of birds asia
265,19,347,prevent extinction of birds india
266,19,347,prevent extinction of birds russia
267,19,347,prevent extinction of birds austriala
268,19,347,extinction of birds australia
269,19,347,extinction of birds asia
305,6,435,curbing population growth
306,6,435,curbing population growth policies
307,6,435,curbing population growth policies
308,47,341,government screen carry on luggage
309,47,341,government screen carry on
310,47,341,carry on luggage
350,42,408,tropical storm damage
353,44,341,screening procedures new airports
354,44,341,new international airports
355,44,341,new bangkok international airport
356,44,341,new bangkok international airport screening
357,44,341,new bangkok international airport screening passagers
358,44,341,new bangkok international airport passager screening
359,44,341,international airport passager screening
360,44,341,international airport passengers screening
361,44,341,international airport passengers screening bangkok
362,44,341,international airport passengers screening wellington
363,44,341,international airport passengers screening
364,44,341,international airport passengers screening protection
365,44,341,international airport passengers screening procedure
366,44,341,international airport screening
367,44,341,international airport screening
368,44,341,airport screening wellington
369,44,341,airport security screening
370,44,341,airport security screening international
371,44,341,security screening international airports
372,44,341,security screening indonesia airports
373,44,341,luggage screening airports
374,44,341,internatirnational flight
375,44,341,international flight screening
376,44,341,international flight screening rules
377,44,341,flight screening rules
378,44,341,screening rules
379,44,341,screening rules planes
380,44,341,screening rules planes
381,44,341,security checks airports
382,27,341,international luggage screening airports
383,27,341,international carry on luggage screening airports
384,27,341,international carry on luggage screening
386,24,435,curb population population growth
417,10,341,new airport luggage screen
418,10,341,new international airport luggage screen
419,10,341,new international airport luggage screen
420,10,341,new international airport luggage screening
421,10,341,new international airport screening
422,10,341,new international airport luggage screen
423,10,341,new international airport bag check
424,10,341,new international airport
425,10,341,new international airport security
429,18,435,population measures
430,18,435,population control measures
431,41,408,major hurricane
432,41,408,hurricane floyd
433,41,408,hurricane floyd hits
434,41,408,devastating hurricane
435,41,408,hurricane mitch
436,41,408,devastating hurricane
437,41,408,hurricane mitch
438,41,408,hurricane mitch honduras
439,41,408,hurricane mitch death toll
440,41,408,hurricane georges
441,41,408,hurricane georges hits
442,41,408,hurricane fifi
443,41,408,hurricane fifi hits
444,41,408,hurricane fifi hits mitch
445,41,408,hurricane fifi hits
446,41,408,deadly hurricane
447,41,408,deadly typhoono
448,41,408,deadly typhoon
449,41,408,typhoon
450,41,408,hurricane
451,41,408,hurricane danielle
452,41,408,hurricane
453,41,408,destructive hurricane
471,45,435,successful curbing population growth
472,45,435,successful curbing population growth
473,45,435,population growth growth china
474,5,408,worst typhoons
475,5,408,worst hurricanes
476,5,408,hurricane andrew
477,5,408,hurricane andrew florida
478,5,408,labor day hurricane
479,5,408,labor day hurricane
480,5,408,labor day hurricane 1935
481,5,408,hurricane fifi
482,5,408,el nino storm
483,5,408,deadliest hurricanes
484,5,408,deadliest tropical storms
493,32,435,curbing population growth
494,40,347,china saves pandas
495,40,347,sahara animal sanctions
496,40,347,sahara animal sanctuary
497,40,347,saving the african lion
498,40,347,how animals are protected in the india
499,40,347,extinct animals in south america
500,40,347,how to save animals in tropical rainforest
501,40,347,endangered species
509,17,341,screening airport efforts
510,17,341,government order airport security
511,17,341,airport security effectiveness
512,17,341,airport security order
513,17,341,better screen passengers and their carry-on luggage
514,17,341,airport screening
515,22,347,international wildlife conservation
516,22,347,international wildlife conservation species
529,46,435,measures to stop population growth
530,46,435,countries stopping population growth
531,46,435,control of population
532,46,435,russia control of population
533,23,341,carry on luggage screen airports
534,23,341,carry on luggage screen israel
535,23,341,luggage screen israel
536,23,341,carry on luggage israel
537,23,341,carry on luggage airline
545,7,408,hurricane damage
568,8,435,china curbs population population growth
569,8,435,reduce population program
575,4,341,carryon screening europe
576,4,341,carryon screening europe
577,4,341,carryon screening european airport
578,4,341,carry on screening european airport
579,4,341,screening luggage european airports
580,4,341,screening passengers european airports
581,4,341,screening passengers african airports
582,4,341,screening passengers asian airports
583,4,341,screening procedures international airports
584,4,341,screening luggage international airports
609,13,408,hurricanes death toll
610,13,408,tropical storm destruction
617,0,408,hurricane devastation
618,0,408,typhoon devastation
619,0,408,storm devastation
641,26,435,population control
642,26,435,population control success
643,38,341,screen passengers and their carry-on luggage at new airports
644,38,341,new airports screen passengers and their carry-on luggage
645,38,341,new airports screening passengers and their carry-on luggage
646,38,341,new airports
671,11,435,countries discuss curbing population growth rate
672,11,435,curbing population growth rate
681,48,347,wildlife extinction prevention
682,48,347,wildlife extinction
702,39,435,counties that have been successful in population control
703,39,435,counties that have been successful in curbing population growth
704,39,435,countries that have been successful in curbing population growth
721,3,435,countries curbing population growth
722,3,435,how countries are curbing population growth
723,3,435,how countries population control programs
724,3,435,countries population control programs
750,12,408,hurricane major damage
778,33,435,curbing population rates
789,37,341,screening airport passengers
790,37,341,airport passengers safety
791,37,341,airport safety measures
792,37,341,airport passenger safety measures
793,37,341,passenger screening
794,37,341,airport safety measures
795,37,341,international airport passenger screening
796,37,341,airport screening
797,37,341,airport security
828,34,435,curbing population growth
829,34,435,stopping population growth
919,1,435,population control program
920,1,435,population control program success
921,1,435,africa population control
922,1,435,africa population control program
923,1,435,population control success
925,29,341,international airport screening
926,29,341,international flight carry on
927,29,341,international flight carry on screening
928,43,347,brazil wildlife conservation
929,43,347,brazil animal conservation
930,43,347,china animal conservation
931,43,347,tiger animal conservation
932,43,347,rhino animal conservation
933,43,347,elephant animal conservation
934,43,347,endangered animal conservation
935,43,347,save near extinct species
947,20,341,international airports carry on
948,20,341,international airports security
949,20,341,international airports carry on
950,20,341,international airports screening
975,9,341,airport screening of bags
976,9,341,airport procedures for screening of bags
977,9,341,airports procedures for screening of bags
978,9,341,screening airport bags
979,9,341,new airports to screen bags
983,21,408,major tropical storms
984,21,408,major tropical storms history
985,21,408,most damaging tropic storms history
986,21,408,most damaging tropical storms history
987,16,347,prevent extinction in europe
988,16,347,prevent extinction of species
995,30,341,international passenger screening
996,30,341,international airport screening
997,30,341,international airport security
1076,49,347,extinction prevention
1081,15,435,countries successful in curbing population growth
1082,15,435,china successful in curbing population growth
1083,15,435,africa successful curbing population growth
1084,15,435,curbing population growth
1085,15,435,curbing population growth in zhejiang
1086,15,435,curbing population growth in china
1087,15,435,curbing population growth in india
3,35,347,china wildlife extinction
4,35,347,australia wildlife extinction programs
5,35,347,australia wildlife extinction
6,35,347,india wildlife extinction
7,35,347,thai seahorse extinction
8,35,347,india animal extinction
9,35,347,dolphins extinct in nepal
10,35,347,dolphins extinct in nepal conservation effort
11,35,347,dolphins conservation effort
12,35,347,mexico animal conservation effort
13,35,347,endangered animal conservation effort australia
14,35,347,endangered animal conservation effort russia
15,35,347,endangered animal conservation effort antartica
16,35,347,endangered animal conservation effort greenland
17,35,347,endangered animal conservation japan
18,35,347,india conservation of animals
19,35,347,seal conservation of animals
20,35,347,rhino conservation of animals
21,35,347,endangered animals
35,23,435,curb population growth
55,27,408,tropical storms property damages loss of life
56,27,408,tropical storms damages loss of life
57,27,408,tropical hurricanes damages loss of life
58,27,408,hurricanes damages loss of life
59,27,408,hurricanes damages loss of life
60,27,408,hurricanes loss of life
66,38,435,countries that have been successful in curbing population growth
67,38,435,countries population growth
68,38,435,countries population growth curbing population
69,13,341,screening luggage
70,13,341,airlines luggage security
71,13,341,airport luggage
72,13,341,airport new security
73,37,408,deadly hurricanes
74,37,408,deadly tropical storms
75,37,408,cyclone damage
76,37,408,hurricane damage
103,31,435,china curb population growth
104,31,435,china curb population growth successful
105,31,435,china curb population growth
106,1,408,destructive hurricanes
107,1,408,hurricane irma destruction
108,1,408,catastrophic hurricane
109,1,408,hurricane damage
110,4,347,wildlife conservation europe
111,4,347,wildlife conservation africa
112,4,347,elephant conservation africa
113,4,347,ape conservation africa
119,8,347,african endangered species
120,8,347,protecting african endangered species
195,12,347,prevent wildlife extinction
196,12,347,wildlife protection
270,18,408,hurricane damage
271,18,408,hurricane cesar
272,18,408,typhoon damage
273,18,408,hurricane katrina
274,18,408,tsunami
275,18,408,hurricane tsunami
276,18,408,hurricane significant damage
278,42,435,population control
279,42,435,successful population control
280,42,435,population growth
282,20,435,curb population growth
283,20,435,stop population growth
284,20,435,countries slow population growth
285,20,435,countries decrease population growth
342,44,408,damage from hurricanes
343,44,408,damage reported from hurricanes
344,43,408,hurricane damage aftermath
345,43,408,flood damage aftermath
346,43,408,china flood damage
347,43,408,typhoon damage
348,43,408,hurricane damage
349,43,408,hurricane heavy damage
454,11,341,procedures for international airports screening passengers for luggage
455,11,341,screening passengers for luggage at international airport
456,11,341,luggage procedures at international airports
485,10,435,international population control
517,14,408,topical sotrm damage
518,14,408,topical storm damage
519,14,408,hurricane
520,14,408,hurricane loss of life
521,14,408,typhoon
522,14,408,typhoon zab
523,14,408,supertyphoon zab
524,14,408,supertyphoon zab
525,14,408,typhoon damage
526,14,408,hurricane damage
546,3,347,saving of wildlife species
547,3,347,saving of extinct wildlife species
554,7,435,reducing population growth
555,7,435,reduced population growth
556,9,347,countries saving endangered species
557,9,347,prevent extinction of wildlife
558,24,347,efforts made by other countries besides usa to prevent animal extinction
559,24,347,what are some efforts made by other countries besides usa to prevent animal extinction
560,24,347,animal extinction
561,24,347,preventinganimal extinction
562,24,347,preventing animal extinction
563,36,435,countries successfully curb population growth
564,36,435,curbing population growth
565,36,435,curbing population growth success
566,36,435,curbing population growth
567,36,435,reducing population growth
620,48,435,curbing population growth
621,48,435,slowing population growth
622,48,435,population control
664,6,347,austrailia prevent extinctionof native species
665,6,347,austrailia prevent extinction of native species
666,6,347,countries prevent extinction of native species
667,6,347,mexico prevent extinction of native species
668,6,347,preventing extinction of native species
669,6,347,extinction of native species
670,6,347,preventing extinction
673,15,347,prevent the extinction of wildlife species native to their countries
674,15,347,prevent extinction of wildlife species
675,15,347,british bumblebee extinction
676,15,347,bumblebee extinction in great britain
677,15,347,extinct animals
678,15,347,venezuela extinct animals steps to save
679,15,347,steps to save extinct animals
680,15,347,countries wanting to stop extinction
683,28,341,carry on luggage procedures
684,28,341,carry on luggage procedures airports
685,28,341,luggage international airports
686,28,341,luggage international airports procedures
687,28,341,carry on luggage airports
798,40,341,airport security colombia
799,40,341,airport security in colombia
800,40,341,what is airport security in colombia like
801,40,341,what is airport security in singapore like
802,40,341,airport security overseas
803,40,341,airport security in israel
804,40,341,airport security in lebanon
805,40,341,airport security in france
806,40,341,airport security in russia
807,40,341,airport security in mexico
808,40,341,airport security in china
809,40,341,airport security in turkey
810,33,408,tropical storms damage
815,16,408,hurricane hugo
816,16,408,hurricane damage
817,5,347,foreign countries efforts to prevent extinction of native animals
818,5,347,preventing extinction of native animals
819,5,347,protect animals from extinction
824,25,408,tropical storm damage
842,26,341,lax international passenger screening government
843,26,341,lax passenger screening government
844,26,341,o'hare passenger screening government
845,26,341,atlanta passenger screening government
846,26,341,atlanta passenger screening
847,26,341,atlanta passenger screening implemented
848,26,341,tsa passenger screening implemented
849,26,341,tsa passenger screening implemented
850,26,341,airport passenger screening implemented
851,26,341,passenger screening international flights
852,26,341,passenger screening iimplemented
853,26,341,passenger screening implemented
854,26,341,security measures international airport
855,26,341,security measures united states international airport
856,26,341,security procedures united states international airport
857,26,341,security procedures lax international airport
858,26,341,security procedures atlanta international airport
859,26,341,security procedures international airport
860,26,341,security procedures implemented international airport
861,26,341,security implemented international airport
862,26,341,screening implemented international airport
863,26,341,passenger screening implemented international airport
864,26,341,passenger screening implemented airport
865,26,341,international airport
866,26,341,international airport screening
867,26,341,international airport carry on
868,26,341,new screenings implemented
869,26,341,new screenings passenger implemented
870,26,341,carry on screening
871,26,341,passenger plane screening
872,26,341,airport passenger plane screening
873,26,341,airport passenger security screening
894,49,435,curbing population growth
895,49,435,successful reduced population
896,49,435,successful reduced population growth
897,49,435,population growth down
907,22,341,international airport luggage screening
908,22,341,foreign airport luggage screening
909,22,341,government airport luggage screening
910,22,341,airport security luggage screening
911,22,341,international airport security luggage screening
912,22,341,international sluglist luggage screening
913,22,341,international luggage screening
914,22,341,airport luggage screening
915,22,341,airport luggage screening asia
916,22,341,foreign airport luggage screening
917,22,341,government airport luggage screening
918,22,341,airport security foreign
943,32,347,preservation endangered species
951,34,408,tropical storm damage
952,34,408,hurricane damage
953,29,347,wildlife extinction protection china
954,29,347,wildlife extinction protection germany
955,29,347,wildlife extinction protection country
956,29,347,wildlife extinction protection france
957,29,347,wildlife extinction plans
958,29,347,wildlife extinction prevention
961,30,408,hurricane damage
962,30,408,hurricane death
963,39,341,procedures taken by airport in safety screening
964,39,341,procedures taken by airport in laguge screening
965,39,341,procedures taken by airport in laguage screening
966,39,341,procedures taken by airport in screening
967,39,341,procedures taken by international airports to better screen passengers
968,39,341,procedures taken by international airports to screen passengers
969,39,341,procedures taken by international airports to screen passengers and luggage
970,39,341,procedures taken by international airports authoritiesto screen passengers and luggage
971,39,341,safety on passengers and luggages
972,19,408,damagaing tropical storms
973,19,408,damaging tropical storms
974,19,408,damaging tropical storms list
989,0,435,curbing population growth
990,0,435,reduced population growth
1002,45,408,serious tropical hurricanes and typhoons
1003,45,408,serious tropical hurricane
1004,45,408,hurricane irma
1005,45,408,serious hurricane
1030,50,341,carryon baggage screening international airports
1031,50,341,international airports carryon screening
1032,50,341,effectiveness of carryon screening
1033,50,341,how to improve carryon screening
1034,50,341,carryon screening
1035,50,341,carryon screening
1036,50,341,international airport luggage screening
1037,50,341,international airport luggage screening carry on
1038,50,341,international airport luggage screening
1039,50,341,luggage screening international
1040,50,341,passenger screening international
1041,21,435,population control measures and results
1045,17,347,international wildlife protection
1046,17,347,wildlife preservatiobn
1047,17,347,wildlife preservation
1048,17,347,extinction efforts
1049,2,408,hurricanes major damage reported
1050,2,408,hurricane deaths
1059,41,435,population control
1060,46,408,massive storm damage
1066,47,435,curb population growth
1067,47,435,curb population growth sucess
1068,47,435,curb population growth success
1069,47,435,falling birth rate
1070,47,435,falling birth rate mexico
1071,47,435,population growth indonesia
1072,47,435,population growth brazil
1073,47,435,population growth south korea
1074,47,435,population growth mexico
1075,47,435,population growth china
22,11,347,prevent extinction of wild life in different countries
23,11,347,extinction of wild life in different countries
24,11,347,extinction of wild life native to different countries
25,11,347,prevention of extinction of wild life native to countries discuss
26,11,347,prevention of extinction of wild life native to countries
27,11,347,prevention of extinction of wild life
28,26,408,hurricane
29,26,408,hurricane george
30,26,408,hurricane damage
31,26,408,typhoon damage
32,26,408,typhoon damage death
33,26,408,hurricane damage death
34,26,408,tropical tropical damage death
91,20,408,tropical storm death
92,20,408,typhoon damage
97,3,341,screening procedures in international airports
98,3,341,screening passengers ang luggages in international airports
99,3,341,screening procedures in international airports
100,3,341,improving screening procedures in international airports
101,3,341,improving security in international airports
102,3,341,improving screening in international airports
114,22,408,most devastating tropical storms
115,22,408,most devastating typhoons
116,22,408,worst typhoons
117,22,408,worst typhoon damage
118,22,408,worst hurricane damage
121,38,408,tropical storms caused damage
122,9,435,curbing population growth
123,9,435,stopping population growth
124,9,435,ending population growth
125,9,435,how to stop population growth
126,9,435,countries curbing population growth
178,40,408,hurrican irma
179,40,408,hurricane irma
180,40,408,hurricane irma
181,40,408,hurricane irma
182,40,408,hurricane harvey
183,40,408,hurricane katrina
184,40,408,hurricane katrina new orleans
185,40,408,katrina new orleans
186,40,408,typhoon singapore
187,40,408,typhoon vietnam
188,40,408,hurricane matthew
189,40,408,hurricane sandy
190,40,408,most costliest hurricanes
208,21,341,international airports passenger screening
209,21,341,international airports security
210,21,341,international airports passenger screening
211,25,341,international airport screening procedures
212,25,341,international airport screening procedures carry on luggage
213,25,341,airport screening carry on luggage
214,25,341,airport security
215,25,341,screen carry on luggage
216,25,341,tech luggage screening
217,25,341,tech airport security
218,25,341,airport security
219,25,341,airport screening passengars
220,25,341,airport screening passengers
221,24,341,procedures to screen passengers and carry on luggage
222,24,341,what are the procedures to screen passengers and carry on luggage
223,24,341,airport procedures to screen passengers and carry on luggage
224,24,341,airport passengers screening
245,19,341,carry on luggage
246,19,341,carry on luggage screening
247,19,341,carry on luggage
248,19,341,carry on luggage limits
249,19,341,carry on luggage rules
250,19,341,carry on luggage easy
281,42,347,wildlife preservation
294,18,341,airport security
351,14,435,population control measures
352,14,435,population control
385,39,408,tropical storms
387,5,341,improvement international airport screening
388,5,341,improvement foreign international airport screening
389,5,341,improvement international airport screening
390,5,341,international airport screening
391,5,341,security screening improvements international
392,5,341,security screening airport europe
393,5,341,security screening airport china
394,5,341,security screening airport india
395,5,341,airport security france
396,5,341,airport security italy
397,5,341,airport security turkey
398,5,341,airport security asia
399,5,341,government orders for airport security international
400,5,341,government procedures for screening international flights
401,5,341,procedures for screening international flights
402,5,341,screening international flights
403,5,341,government screening international flights
404,5,341,improved baggage screening international
405,5,341,baggage screening london airport
406,5,341,baggage screening france air
407,5,341,baggage screening canada air
408,5,341,baggage screening middle east
409,5,341,baggage screening africa
410,5,341,baggage screening international travel
411,32,341,international airport security improve
412,32,341,international airport security baggage improve
413,32,341,international airport baggage security
414,32,341,international airport baggage security guidelines
415,32,341,international airport baggage security
416,32,341,international airport security
426,28,435,population growth measures
427,28,435,population growth measures results
428,28,435,population control
486,46,347,efforts in europe to save animals from extinction
487,46,347,efforts across the world to save animals from extinction
488,46,347,efforts in china to save animals from extinction
489,46,347,efforts in ireand to save animals from extinction
490,46,347,efforts in ireland to save animals from extinction
491,46,347,efforts in russia to save animals from extinction
492,46,347,saving animals from extinction
527,12,341,airport carry on screening
528,12,341,airport carry on security
588,50,408,significant hurricanes
589,50,408,significant hurricanes damage
590,50,408,significant hurricanes loss of life
591,36,341,international airports screen passenger luggage
592,36,341,international airports screen passengers
593,45,347,prevention of wildlife species
596,27,347,extinction wild life native to india
597,27,347,extinction wildlife native to china
598,27,347,extinction wildlife native to brazil
599,27,347,extinction wildlife native to jaoan
600,27,347,extinction wildlife native to japan
601,27,347,extinction wildlife native in egypt
602,27,347,extinction wildlife native in euphoria
603,27,347,extinction wildlife native in canada
604,27,347,extinction wildlife native in london
605,27,347,extinction wildlife native jordan
606,27,347,extinction wildlife native puru
607,27,347,extinction wildlife native peru
608,31,341,airport security screening
612,34,341,international airport security
613,34,341,international airport security effective
614,34,341,international airport security improve
615,34,341,international airport security changes
616,34,341,international airport security safety
647,43,341,international flights carry on security
648,43,341,international flights carry on luggage policy
649,43,341,international flights policy
650,43,341,international flights bag policy
651,43,341,international flights carry on
652,43,341,international flights baggage rules
653,43,341,international flights screening luggage
654,43,341,international flights luggage policy
655,43,341,international flights
656,43,341,international flights security
657,43,341,international flights baggage security
658,48,341,luggage screening airport
659,48,341,luggage screening international airport
660,48,341,international luggage screening
661,48,341,airport luggage check
662,48,341,carry on luggage
663,48,341,airport luggage security
694,44,347,exstion of wildlife
695,44,347,prevention extinction of wildlife in africa
696,44,347,prevention extinction of wildlife
697,44,347,prevention extinction of wildlife items
698,44,347,prevention extinction of wildlife in africa
699,44,347,prevention extinction of wildlife africa
700,44,347,prevention extinction of wildlife global
701,44,347,extinction of wildlife
705,35,435,population reduction
706,35,435,population reduction in other countries
707,35,435,population reduction program in other countries
708,35,435,population reduction program
709,35,435,population reduction
710,35,435,population reduction success
711,35,435,human population reduction success
712,35,435,human population birth reduction program
713,35,435,birth reduction program
714,35,435,russia birth reduction program
715,35,435,china birth reduction program
716,35,435,china limit number of children
717,35,435,population limit in countries
718,35,435,birth rate decline program
719,49,408,major tropical storms
720,49,408,worst tropical storms
725,37,347,protecting native wildlife species
726,37,347,protecting native wildlife species europe
727,37,347,protecting native wildlife species asia
728,37,347,protecting native wildlife
729,37,347,extinct wildlife protection
730,2,341,international luggage screening
731,33,341,increase security screening international flights
732,33,341,increased security screening international flights
733,33,341,increased baggage screening international flights
734,33,341,security baggage screening international flights
735,33,341,security baggage increase international flights
736,33,341,security baggage increase international airports
756,15,341,procedures taken by international airports  to better screen passengers and their carry-on luggage
757,15,341,how to better screen passengers and their carry-on luggage
758,15,341,better screening passengers and their carry-on luggage
759,15,341,better screening passengers and carry on luggage
760,15,341,better screening of passengers procedures
761,15,341,procedures on screening airline passengers
762,15,341,england procedures on screening airline passengers
763,15,341,south america procedures on screening airline passengers
764,15,341,procedures for screening airline passengers
765,15,341,international airport procedures for screening airline passengers
766,15,341,international airport procedures screening airline passengers
767,15,341,international airport procedures screening at airports
768,15,341,airports and how to better screen passengers
769,15,341,how to better screen airline passengers
770,15,341,how to better search airline passengers
771,15,341,how to better search airline passengers in international airports
772,15,341,international airport screenings
773,15,341,international airport baggage screening
774,15,341,better scrutinize passengers and luggage on international flights and to step up screening of all carry-on baggage has been
775,15,341,how to better scrutinize passengers on international flights
776,15,341,scrutinize passengers on international flights
777,15,341,scrutinize baggage on international flights
779,41,347,new zealand wildlife protection
780,41,347,new zealand endangered species
781,41,347,endangered species protection in china
782,41,347,endangered species protection in england
783,41,347,endangered species protection canada
784,41,347,endangered species protection
785,41,347,endangered species tanzania
786,41,347,endangered species recovery
787,41,347,endangered species france
788,41,347,wildlife protection
811,30,347,wildlife protection
812,30,347,government extinction prevention
813,30,347,government wildlife
814,30,347,government extinction
820,8,341,french airport security changes
821,8,341,french airport baggage checks
822,8,341,internation airport security
823,6,408,hurricane destruction
833,16,435,curbing population growth
834,16,435,countries who have curbed population growth rate
835,16,435,populatio growth chinese
836,16,435,population growth chinese
837,1,347,canada endangered animal conservation
838,1,347,endangered animal conservation worldwide
839,1,347,shanghai wildlife protection
840,1,347,global wildlife protection
841,1,347,china wildlife protection
936,4,435,population control china
937,4,435,population control india
938,4,435,population control brazil
939,4,435,population control africa
940,4,435,population control south america
941,4,435,population control asia
942,4,435,population control japan
944,10,347,international efforts to prevent extinction
945,10,347,international extinction prevention
946,10,347,international wildlife preservation
959,47,408,hurricane big damages
960,47,408,typhoon big damages
991,0,341,airport baggage screening
992,23,408,hurricane irma damage
993,23,408,hurricane harvey damage
994,23,408,worst hurricanes
1006,17,408,hurriance damage
1007,17,408,hurricane damage
1056,29,408,tropical storm property damage
1063,7,347,prevent extinction
1077,13,347,protect elephants
1078,13,347,elephant endangered
1079,13,347,rhino protection
1080,13,347,protect endangered species
