3,35,347,china wildlife extinction
4,35,347,australia wildlife extinction programs
5,35,347,australia wildlife extinction
6,35,347,india wildlife extinction
7,35,347,thai seahorse extinction
8,35,347,india animal extinction
9,35,347,dolphins extinct in nepal
10,35,347,dolphins extinct in nepal conservation effort
11,35,347,dolphins conservation effort
12,35,347,mexico animal conservation effort
13,35,347,endangered animal conservation effort australia
14,35,347,endangered animal conservation effort russia
15,35,347,endangered animal conservation effort antartica
16,35,347,endangered animal conservation effort greenland
17,35,347,endangered animal conservation japan
18,35,347,india conservation of animals
19,35,347,seal conservation of animals
20,35,347,rhino conservation of animals
21,35,347,endangered animals
35,23,435,curb population growth
55,27,408,tropical storms property damages loss of life
56,27,408,tropical storms damages loss of life
57,27,408,tropical hurricanes damages loss of life
58,27,408,hurricanes damages loss of life
59,27,408,hurricanes damages loss of life
60,27,408,hurricanes loss of life
66,38,435,countries that have been successful in curbing population growth
67,38,435,countries population growth
68,38,435,countries population growth curbing population
69,13,341,screening luggage
70,13,341,airlines luggage security
71,13,341,airport luggage
72,13,341,airport new security
73,37,408,deadly hurricanes
74,37,408,deadly tropical storms
75,37,408,cyclone damage
76,37,408,hurricane damage
103,31,435,china curb population growth
104,31,435,china curb population growth successful
105,31,435,china curb population growth
106,1,408,destructive hurricanes
107,1,408,hurricane irma destruction
108,1,408,catastrophic hurricane
109,1,408,hurricane damage
110,4,347,wildlife conservation europe
111,4,347,wildlife conservation africa
112,4,347,elephant conservation africa
113,4,347,ape conservation africa
119,8,347,african endangered species
120,8,347,protecting african endangered species
195,12,347,prevent wildlife extinction
196,12,347,wildlife protection
270,18,408,hurricane damage
271,18,408,hurricane cesar
272,18,408,typhoon damage
273,18,408,hurricane katrina
274,18,408,tsunami
275,18,408,hurricane tsunami
276,18,408,hurricane significant damage
278,42,435,population control
279,42,435,successful population control
280,42,435,population growth
282,20,435,curb population growth
283,20,435,stop population growth
284,20,435,countries slow population growth
285,20,435,countries decrease population growth
342,44,408,damage from hurricanes
343,44,408,damage reported from hurricanes
344,43,408,hurricane damage aftermath
345,43,408,flood damage aftermath
346,43,408,china flood damage
347,43,408,typhoon damage
348,43,408,hurricane damage
349,43,408,hurricane heavy damage
454,11,341,procedures for international airports screening passengers for luggage
455,11,341,screening passengers for luggage at international airport
456,11,341,luggage procedures at international airports
485,10,435,international population control
517,14,408,topical sotrm damage
518,14,408,topical storm damage
519,14,408,hurricane
520,14,408,hurricane loss of life
521,14,408,typhoon
522,14,408,typhoon zab
523,14,408,supertyphoon zab
524,14,408,supertyphoon zab
525,14,408,typhoon damage
526,14,408,hurricane damage
546,3,347,saving of wildlife species
547,3,347,saving of extinct wildlife species
554,7,435,reducing population growth
555,7,435,reduced population growth
556,9,347,countries saving endangered species
557,9,347,prevent extinction of wildlife
558,24,347,efforts made by other countries besides usa to prevent animal extinction
559,24,347,what are some efforts made by other countries besides usa to prevent animal extinction
560,24,347,animal extinction
561,24,347,preventinganimal extinction
562,24,347,preventing animal extinction
563,36,435,countries successfully curb population growth
564,36,435,curbing population growth
565,36,435,curbing population growth success
566,36,435,curbing population growth
567,36,435,reducing population growth
620,48,435,curbing population growth
621,48,435,slowing population growth
622,48,435,population control
664,6,347,austrailia prevent extinctionof native species
665,6,347,austrailia prevent extinction of native species
666,6,347,countries prevent extinction of native species
667,6,347,mexico prevent extinction of native species
668,6,347,preventing extinction of native species
669,6,347,extinction of native species
670,6,347,preventing extinction
673,15,347,prevent the extinction of wildlife species native to their countries
674,15,347,prevent extinction of wildlife species
675,15,347,british bumblebee extinction
676,15,347,bumblebee extinction in great britain
677,15,347,extinct animals
678,15,347,venezuela extinct animals steps to save
679,15,347,steps to save extinct animals
680,15,347,countries wanting to stop extinction
683,28,341,carry on luggage procedures
684,28,341,carry on luggage procedures airports
685,28,341,luggage international airports
686,28,341,luggage international airports procedures
687,28,341,carry on luggage airports
798,40,341,airport security colombia
799,40,341,airport security in colombia
800,40,341,what is airport security in colombia like
801,40,341,what is airport security in singapore like
802,40,341,airport security overseas
803,40,341,airport security in israel
804,40,341,airport security in lebanon
805,40,341,airport security in france
806,40,341,airport security in russia
807,40,341,airport security in mexico
808,40,341,airport security in china
809,40,341,airport security in turkey
810,33,408,tropical storms damage
815,16,408,hurricane hugo
816,16,408,hurricane damage
817,5,347,foreign countries efforts to prevent extinction of native animals
818,5,347,preventing extinction of native animals
819,5,347,protect animals from extinction
824,25,408,tropical storm damage
842,26,341,lax international passenger screening government
843,26,341,lax passenger screening government
844,26,341,o'hare passenger screening government
845,26,341,atlanta passenger screening government
846,26,341,atlanta passenger screening
847,26,341,atlanta passenger screening implemented
848,26,341,tsa passenger screening implemented
849,26,341,tsa passenger screening implemented
850,26,341,airport passenger screening implemented
851,26,341,passenger screening international flights
852,26,341,passenger screening iimplemented
853,26,341,passenger screening implemented
854,26,341,security measures international airport
855,26,341,security measures united states international airport
856,26,341,security procedures united states international airport
857,26,341,security procedures lax international airport
858,26,341,security procedures atlanta international airport
859,26,341,security procedures international airport
860,26,341,security procedures implemented international airport
861,26,341,security implemented international airport
862,26,341,screening implemented international airport
863,26,341,passenger screening implemented international airport
864,26,341,passenger screening implemented airport
865,26,341,international airport
866,26,341,international airport screening
867,26,341,international airport carry on
868,26,341,new screenings implemented
869,26,341,new screenings passenger implemented
870,26,341,carry on screening
871,26,341,passenger plane screening
872,26,341,airport passenger plane screening
873,26,341,airport passenger security screening
894,49,435,curbing population growth
895,49,435,successful reduced population
896,49,435,successful reduced population growth
897,49,435,population growth down
907,22,341,international airport luggage screening
908,22,341,foreign airport luggage screening
909,22,341,government airport luggage screening
910,22,341,airport security luggage screening
911,22,341,international airport security luggage screening
912,22,341,international sluglist luggage screening
913,22,341,international luggage screening
914,22,341,airport luggage screening
915,22,341,airport luggage screening asia
916,22,341,foreign airport luggage screening
917,22,341,government airport luggage screening
918,22,341,airport security foreign
943,32,347,preservation endangered species
951,34,408,tropical storm damage
952,34,408,hurricane damage
953,29,347,wildlife extinction protection china
954,29,347,wildlife extinction protection germany
955,29,347,wildlife extinction protection country
956,29,347,wildlife extinction protection france
957,29,347,wildlife extinction plans
958,29,347,wildlife extinction prevention
961,30,408,hurricane damage
962,30,408,hurricane death
963,39,341,procedures taken by airport in safety screening
964,39,341,procedures taken by airport in laguge screening
965,39,341,procedures taken by airport in laguage screening
966,39,341,procedures taken by airport in screening
967,39,341,procedures taken by international airports to better screen passengers
968,39,341,procedures taken by international airports to screen passengers
969,39,341,procedures taken by international airports to screen passengers and luggage
970,39,341,procedures taken by international airports authoritiesto screen passengers and luggage
971,39,341,safety on passengers and luggages
972,19,408,damagaing tropical storms
973,19,408,damaging tropical storms
974,19,408,damaging tropical storms list
989,0,435,curbing population growth
990,0,435,reduced population growth
1002,45,408,serious tropical hurricanes and typhoons
1003,45,408,serious tropical hurricane
1004,45,408,hurricane irma
1005,45,408,serious hurricane
1030,50,341,carryon baggage screening international airports
1031,50,341,international airports carryon screening
1032,50,341,effectiveness of carryon screening
1033,50,341,how to improve carryon screening
1034,50,341,carryon screening
1035,50,341,carryon screening
1036,50,341,international airport luggage screening
1037,50,341,international airport luggage screening carry on
1038,50,341,international airport luggage screening
1039,50,341,luggage screening international
1040,50,341,passenger screening international
1041,21,435,population control measures and results
1045,17,347,international wildlife protection
1046,17,347,wildlife preservatiobn
1047,17,347,wildlife preservation
1048,17,347,extinction efforts
1049,2,408,hurricanes major damage reported
1050,2,408,hurricane deaths
1059,41,435,population control
1060,46,408,massive storm damage
1066,47,435,curb population growth
1067,47,435,curb population growth sucess
1068,47,435,curb population growth success
1069,47,435,falling birth rate
1070,47,435,falling birth rate mexico
1071,47,435,population growth indonesia
1072,47,435,population growth brazil
1073,47,435,population growth south korea
1074,47,435,population growth mexico
1075,47,435,population growth china
