13,23,435,slowing population growth
14,23,435,what countries are doing to slow population
15,23,435,slowing human population
36,9,341,airport screening
37,9,341,airport security
40,40,341,international airport screening
41,40,341,airport screening
60,47,435,successful population control
61,47,435,successful family planning
72,28,341,international airport screening
75,51,347,foreign wildlife protection
76,51,347,wildlife protection overseas
77,51,347,wildlife protection different countries
145,31,341,International Airport Luggage screening rules
146,31,341,Foreign Airport Luggage screening rules
147,31,341,Airport Luggage screening rules
148,31,341,Airport Luggage screening rules Country
149,31,341,Airport Luggage
172,3,347,extinct
178,26,408,deadly hurricane
179,26,408,hurricane andrew
180,26,408,hurricane death toll
181,26,408,hurricane andrew miami
182,26,408,hurricane andrew damage
183,26,408,hurricane andrew aftermath
184,26,408,hurricane aftermath
185,26,408,hurricane katrina
186,26,408,hurricanes
187,26,408,hurricane storm damage
188,26,408,hurricane death
189,26,408,hurricane death
195,30,408,tropical storms
196,30,408,tropical storms damages
205,14,408,massive storm damage
209,45,347,wildlife extinction countries
226,15,341,airport luggage screening
227,15,341,international airport security
228,15,341,airport luggage security
244,29,347,wildlife conservation non US
245,29,347,native wildlife conservation non US
246,29,347,native wildlife conservation China
247,29,347,native wildlife conservation Malaysia
248,29,347,wildlife conservation Malaysia
249,48,435,slow population growth
250,48,435,curb population growth
251,36,435,population growth
256,11,347,prevent extinction
257,11,347,wildlife extinction plans
268,38,435,success in curbing population growth
269,38,435,success in curbing population growth 2016
270,38,435,success in curbing population growth 2015
271,38,435,success in curbing population growth 2014
272,38,435,success in curbing population growth 2013
273,38,435,success in curbing population growth
274,38,435,successfully launches curbing population growth
283,22,408,ropical storms that have caused major property damage and loss of life
284,22,408,major tropical storms
285,22,408,major tropical storms loss of life
286,22,408,tropical storms loss of life
287,22,408,hurricane loss of life
288,27,347,endangered animals
289,27,347,saving endangered animals
290,27,347,how to save endangered animals
291,27,347,save wild life
292,27,347,save endangered species
293,27,347,how to save endangered species
307,50,347,extinction europe species
308,50,347,extinction france wildlife
309,50,347,extinction britain wildlife
332,12,347,countries preventing wildlife extinction
333,12,347,africa preventing wildlife extinction
334,12,347,preventing wildlife extinction
335,12,347,asia pacific wildlife extinction
336,12,347,asia wildlife extinction
337,19,408,the worst tropical storms in history
338,19,408,tropical storms that did the most damage
354,13,347,countries preventing extinction of wildlife
355,43,435,curbing population growth
366,35,341,international airport screening
367,35,341,international airport screening procedures
368,35,341,international airport security
369,35,341,international passenger screening
370,35,341,international baggage screening
395,37,408,hurricane katrina
396,37,408,notable hurricans
397,37,408,notable hurricanes
398,37,408,notable hurricanes
399,37,408,hurricane mitch
400,37,408,hurricane floyd
401,37,408,hurricane in nj
402,37,408,hurricane sandy
403,5,347,extinction prevention
404,5,347,wildlife extinction
411,24,408,natural disasters
412,24,408,natural disaster damage
413,24,408,natural disaster kills
414,24,408,hurricane katrina
415,24,408,hurricane kills
432,2,341,International airport security
433,42,435,reduce population growth
434,42,435,reduce population growth success
452,0,435,population reduction
454,7,347,species conservation
455,7,347,endangered conservation
456,7,347,endangered conservation efforts
457,7,347,endangered conservation
458,7,347,local animal conservation
459,7,347,endangered animal conservation
460,7,347,endangered species conservation
461,7,347,extinction conservation
462,32,341,airports screening passengers
463,32,341,airports screening passengers effectiveness
473,33,347,prevent the extinction of native wildlife species
474,33,347,preventing extinction of native wildlife species
475,33,347,preventing extinction of native wildlife
476,33,347,preventing extinction of wildlife
477,33,347,preventing extinction of wildlife uk
478,33,347,preventing extinction of wildlife asia
479,8,435,population control methods
489,52,408,significant hurrican damage
490,52,408,devestating hurricane
491,52,408,devastating hurricane
497,44,435,curbing population growth
498,44,435,family planning
514,34,347,wildlife extinction efforts around the world
515,34,347,wildlife extinction efforts
518,4,435,steps to reduce population growth
519,4,435,reducing population growth
529,16,408,storm damage
530,16,408,hurricane damage
531,16,408,hurricane damage list
537,21,341,international airport passenger luggage screening
538,21,341,international airport improvements carry on luggage screening
539,21,341,airport improvements carry on luggage security screening
540,21,341,airport improvements carry on luggage security screening
541,21,341,airport security carry on luggage screening
542,21,341,results screening carry on luggage
543,21,341,results security screening carry on luggage
544,21,341,airport security screening carry on luggage results
545,21,341,airport security screening carry on luggage result
546,21,341,new procedures screening carry on luggage result
547,21,341,new procedures screening carry on luggage
548,21,341,procedures international airports screen passengers
549,1,341,international airport screening
550,1,341,international airport security
551,1,341,effective international passenger screening
567,17,435,Population curbing
568,17,435,Population control
612,10,435,population growth curbs
629,41,435,curbing population growth
630,41,435,slow population growth
633,18,408,severe tropical storms
634,18,408,deadly tropical storms
644,39,435,curbing pollution
659,46,341,airport screening
660,46,341,airport screening success
661,46,341,airport screening
662,46,341,international airport screening
668,20,347,foreign wildlife extinction
669,20,347,foreign wildlife protection
670,20,347,foreign prevent extinction
674,49,341,security airport
705,6,408,hurricane deaths
706,6,408,hurricane damage
710,25,435,population growth
711,25,435,curb population growth
712,25,435,curb population growth success
713,25,435,curb
714,25,435,population growth success