0,17,347,species native to other countries
1,17,347,extinction prevention zimbawe
2,17,347,extinction prevention
3,17,347,extinction prevention canada
4,17,347,wildlife protection
5,17,347,wildlife protection extinction
6,8,408,tropical storms major damage
7,11,341,carry on luggage checks
8,11,341,security measures carry on
9,11,341,security measures airport
10,11,341,airport security measaures
11,11,341,airport security measures
12,30,435,curbing population growth
13,23,435,slowing population growth
14,23,435,what countries are doing to slow population
15,23,435,slowing human population
16,23,341,carryon luggage screening
17,23,341,carry on luggage screening
18,23,341,international luggage screening
19,23,341,international luggage screening procedures
20,23,341,international luggage screening procedure
21,23,341,luggage screening procedure
22,23,341,luggage procedure
23,12,408,large scale tropical storms
24,12,408,deveastating tropical storms
25,12,408,devestating tropical storms
26,12,408,devastating tropical storms
27,12,408,killer tropical storms
28,12,408,tropical storm disaster
29,28,347,preventing extinction of wildlife
30,28,347,prevention extinction of wildlife
31,20,435,countries curbed population growth
32,20,435,population growth
33,20,435,scaling down population growth
34,20,435,countries that stopped population growth
35,20,435,population control methods
36,9,341,airport screening
37,9,341,airport security
38,49,435,curb population growth
39,49,435,population growth measure
40,40,341,international airport screening
41,40,341,airport screening
42,29,341,international airport screening government
43,29,341,government ordered procedure international airport
44,29,341,government ordered procedure international airport screening
45,29,341,government ordered international airport screening
46,5,408,hurricane damage
47,5,408,typhoon damage
48,44,341,international airport security
49,44,341,international airport security upgrade
50,44,341,improve airport security
51,24,341,government carry on baggage
52,24,341,international airport procedures
53,24,341,international airport screening procedures
54,24,341,airport screening procedures
55,24,341,airport screening
56,18,341,international airport screening
57,44,347,wildlife preservation
58,3,341,screening
59,3,341,airport security
60,47,435,successful population control
61,47,435,successful family planning
62,16,435,population growth
63,16,435,human population control measures
64,16,435,curb human population
65,16,435,over population measures
66,3,435,population growth
67,46,347,animal conservation
68,46,347,endangered species
69,17,408,Tropical Storm kills
70,17,408,Tropical Storm deaths
71,17,408,Tropical Storm destroys
72,28,341,international airport screening
73,0,347,wildlife conservation
74,0,347,endangered animals
75,51,347,foreign wildlife protection
76,51,347,wildlife protection overseas
77,51,347,wildlife protection different countries
78,42,341,airport screen baggage
79,42,341,airport security baggage
80,42,341,airport security baggage screen
81,6,347,international wild life conservation
82,6,347,international conservation extinct
83,6,347,international conservation endanger
84,48,341,airport security screening
85,48,341,airport carryon screening
86,48,341,airport carryon screening
87,48,341,airport carryon screening
88,48,341,airport passenge screening
89,48,341,airport passenger screening
90,8,341,screening procedures international airports
91,8,341,security procedures international airports
92,47,347,preventing extinction of wildlife species -united states
93,47,347,preventing extinction of wildlife species
94,47,347,prevent extinction wildlife
95,47,347,prevent extinction wildlife overseas
96,47,347,prevent extinction wildlife
97,47,347,prevent extinction wildlife china
98,41,341,screening passengers international airports
99,41,341,airport screenign carryon
100,41,341,airport screening luggage
101,41,341,passenger screening airplane
102,41,341,luggage screening airports
103,43,347,preserving wildlife efforts
104,43,347,preserving wildlife
105,40,408,deadly deadly hurricane
106,40,408,deadly hurricane
107,40,408,deadly typhoon
108,40,408,typhoon
109,40,408,hurricane death
110,46,408,hurricane
111,46,408,deadly hurricane
112,46,408,typhoon
113,46,408,worst tropical storms
114,2,435,curb population growth
115,2,435,population decreases
116,2,435,curbing population growth successes
117,2,435,curbing population successes
118,2,435,countries curbing population growth successes
119,49,408,major tropical storm damage
120,20,341,international luggage screening
121,20,341,Effectiveness of internation airport screening
122,20,341,foreign airport luggage screening
123,20,341,global luggage screening
124,20,341,foreign luggage screening
125,20,341,international luggage screening
126,20,341,luggage screening for international flights
127,12,435,curbbing population
128,12,435,curbbing population growth
129,12,435,curbing population growth
130,12,435,current stop to population growth
131,12,435,curbbing population growth results
132,12,435,curbing population growth results
133,12,435,curbs to population growth
134,21,435,countries curb popul population growth
135,21,435,countries curb population growth
136,21,435,successful countries curb population growth
137,21,435,successful countries curb population growth
138,21,435,successful curb population growth
139,21,435,curb population growth countries
140,21,435,government curb population growth
141,38,347,piracy
142,38,347,wildlife species endangered and what is being done
143,38,347,preventing extinction of wildlife
144,38,347,preventing extinction of wildlife in other countries
145,31,341,International Airport Luggage screening rules
146,31,341,Foreign Airport Luggage screening rules
147,31,341,Airport Luggage screening rules
148,31,341,Airport Luggage screening rules Country
149,31,341,Airport Luggage
150,35,347,foreign wildlife extinction prevention
151,35,347,foreign wildlife protection
152,35,347,wildlife protection
153,6,435,population control
154,6,435,population control results
155,34,408,large tropical storms
156,34,408,tropical storm damage
157,47,341,international screening carry on
158,47,341,international airport screening carryon luggage
159,47,341,international airport screening carry on luggage
160,47,341,international airport screening luggage
161,47,341,foreign airport screening luggage
162,47,341,china airport screening luggage
163,47,341,london airport screening luggage
164,47,341,international airport procedure carry on luggage
165,47,341,airport procedure carry on luggage
166,47,341,procedure carry on luggage
167,47,341,international flight carry on luggage
168,22,347,prevent the extinction of wildlife species native to their countries
169,22,347,prevent the extinction of wildlife species
170,19,435,curbing population control
171,41,408,tropical storm damage
172,3,347,extinct
173,19,347,countries prevent extinction of wildlife
174,19,347,what countries are preventing extinction
175,19,347,extinction
176,39,408,storm damage
177,39,408,tropical storm damage
178,26,408,deadly hurricane
179,26,408,hurricane andrew
180,26,408,hurricane death toll
181,26,408,hurricane andrew miami
182,26,408,hurricane andrew damage
183,26,408,hurricane andrew aftermath
184,26,408,hurricane aftermath
185,26,408,hurricane katrina
186,26,408,hurricanes
187,26,408,hurricane storm damage
188,26,408,hurricane death
189,26,408,hurricane death
190,50,408,hurricane katrina damage loss of life
191,50,408,hurricane katrina damage
192,50,408,hurricane katrina
193,50,408,hurricane katrina damage
194,50,408,hurricane death
195,30,408,tropical storms
196,30,408,tropical storms damages
197,45,435,slow population growth countries
198,45,435,curb population growth countries
199,15,408,hurricane
200,15,408,deadliest hurricane
201,15,408,deadly hurricane
202,35,408,major tropical storm damage
203,35,408,tropical storm damage
204,35,408,tropical storm deaths
205,14,408,massive storm damage
206,14,435,ways stop population growth
207,14,435,curb population growth
208,14,435,population growth policies
209,45,347,wildlife extinction countries
210,13,341,international airport screening
211,27,341,procedures taken by international airports
212,27,341,procedures in international airports
213,32,347,countries taking steps against animal extinction
214,32,347,protecting endangered species
215,25,341,luggage screen
216,25,341,luggage screen international
217,25,341,international airport
218,25,341,international airport security
219,25,341,international airport security luggage
220,52,341,international luggage screening
221,52,341,international carry on luggage screening
222,26,341,international airport security
223,26,347,fighting extinction
224,26,347,animal extinction
225,26,347,extinction effort
226,15,341,airport luggage screening
227,15,341,international airport security
228,15,341,airport luggage security
229,4,347,wildlife conservation
230,4,347,elephant conservation
231,4,347,rhino conservation
232,4,347,steps to conserve animals
233,50,341,international airport screening
234,50,341,europe airport screening
235,50,341,europe carry on screening
236,50,341,europe airport carry on screening
237,50,341,britain airport carry on screening
238,50,341,britain airport passenger screening
239,50,341,france airport passenger screening
240,50,341,ireland airport passenger screening
241,50,341,ireland airport carryon screening
242,50,341,ireland airport carry on screening
243,50,341,ireland airport carry on luggage screening
244,29,347,wildlife conservation non US
245,29,347,native wildlife conservation non US
246,29,347,native wildlife conservation China
247,29,347,native wildlife conservation Malaysia
248,29,347,wildlife conservation Malaysia
249,48,435,slow population growth
250,48,435,curb population growth
251,36,435,population growth
252,21,408,tropical storm damage deaths
253,21,408,tropical storm hurricane damage deaths
254,21,408,tropical storm damage deaths
255,21,408,deadly tropical storms damage
256,11,347,prevent extinction
257,11,347,wildlife extinction plans
258,45,341,international airports passengers screen
259,7,408,tropical storm damage records
260,7,408,hurricane damage records
261,7,408,most severe hurricanes
262,7,408,hurricane damage
263,7,408,hurricane records
264,10,347,country prevent extinction wild animals
265,10,347,extinction wild animals prevention
266,10,347,europe protection wild animals extinct
267,10,347,protection wild animals extinct
268,38,435,success in curbing population growth
269,38,435,success in curbing population growth 2016
270,38,435,success in curbing population growth 2015
271,38,435,success in curbing population growth 2014
272,38,435,success in curbing population growth 2013
273,38,435,success in curbing population growth
274,38,435,successfully launches curbing population growth
275,25,408,storm damage estimates
276,25,408,tropical storm damage estimates
277,25,408,tropical storm damage
278,25,408,hurricane damage
279,30,341,better screen passengers and their carry-on luggage.
280,30,341,airport screening
281,30,341,airport screening enhancements
282,30,341,airport screening
283,22,408,ropical storms that have caused major property damage and loss of life
284,22,408,major tropical storms
285,22,408,major tropical storms loss of life
286,22,408,tropical storms loss of life
287,22,408,hurricane loss of life
288,27,347,endangered animals
289,27,347,saving endangered animals
290,27,347,how to save endangered animals
291,27,347,save wild life
292,27,347,save endangered species
293,27,347,how to save endangered species
294,28,408,tropical storm damage history
295,28,408,hurricane damage history
296,33,435,countries that have been successful in curbing population growth
297,33,435,countries curbing population growth
298,51,341,airport screening international
299,51,341,airport screening overseas
300,51,341,airport screening different countries
301,51,341,airport screening
302,51,341,flight screening overseas
303,51,341,screening airport
304,10,408,large hurricanes
305,10,408,hurricane deaths damage
306,10,408,hurricane andrew
307,50,347,extinction europe species
308,50,347,extinction france wildlife
309,50,347,extinction britain wildlife
310,38,408,deadly hurricanes
311,38,408,deadliest hurricanes
312,38,408,worlds deadliest hurricanes
313,38,408,worlds most destructive hurricanes
314,38,408,worlds most devastating hurricanes
315,38,408,worlds worst hurricanes that caused major damage
316,38,408,hurricanes that caused major damage
317,38,408,destructive hurricanes
318,38,408,costliest hurricanes
319,18,347,prevent extinction
320,52,347,foreign country extenction programs
321,52,347,foreign country extinction programs
322,52,347,foreign extinction programs
323,39,341,international airport screening
324,39,341,screening international airport
325,6,341,international airport screening
326,6,341,international airport passenger screening
327,6,341,airport passenger screening
328,6,341,better passenger screening
329,6,341,better airport screening
330,6,341,better baggage screening
331,6,341,better baggage screening
332,12,347,countries preventing wildlife extinction
333,12,347,africa preventing wildlife extinction
334,12,347,preventing wildlife extinction
335,12,347,asia pacific wildlife extinction
336,12,347,asia wildlife extinction
337,19,408,the worst tropical storms in history
338,19,408,tropical storms that did the most damage
339,34,341,international flights baggage screening
340,34,341,baggage screening on international flights
341,34,341,international flight security
342,34,341,carry on baggage screening
343,34,341,carry on baggage screening measures
344,4,408,devastating tropical storms
345,4,408,largest tropical storms
346,4,408,hurricane damange
347,4,408,tropical storm damage
348,48,347,saving wildlife
349,15,435,curbing population growth
350,15,435,china population growth
351,11,435,curb population
352,11,435,curb population success
353,11,435,population control
354,13,347,countries preventing extinction of wildlife
355,43,435,curbing population growth
356,31,408,Hurricaine Loss or property
357,31,408,Storms Loss or property
358,31,408,Tropical Storms Loss or property
359,43,341,international airport screening
360,43,341,passenger friendly airport screening
361,43,341,international airport security
362,43,341,international airport screening
363,43,341,international airport screening friendly
364,43,341,international airport screening
365,37,347,extinction of wildlife species
366,35,341,international airport screening
367,35,341,international airport screening procedures
368,35,341,international airport security
369,35,341,international passenger screening
370,35,341,international baggage screening
371,8,347,prevent wildlife extinction
372,16,341,airport screening
373,16,341,airport baggage screening
374,16,341,airport passanger screening
375,16,341,airport passenger screening
376,16,341,airport passenger security
377,36,341,international airport screening
378,36,341,Europe airport screening
379,36,341,Asia airport screening
380,36,341,Asia airport carry on
381,36,341,airport efficient screening
382,36,341,airport screening Canada
383,36,341,airport security
384,36,341,airport screen
385,36,341,airport screen Europe
386,36,341,airport screen Israel
387,36,341,airport screen China
388,36,341,airport security China
389,36,341,airport security country
390,34,435,curbing population growth
391,34,435,measures taken to curb population growth
392,34,435,curb population growth
393,34,435,how to curb population growth
394,34,435,curb population growth
395,37,408,hurricane katrina
396,37,408,notable hurricans
397,37,408,notable hurricanes
398,37,408,notable hurricanes
399,37,408,hurricane mitch
400,37,408,hurricane floyd
401,37,408,hurricane in nj
402,37,408,hurricane sandy
403,5,347,extinction prevention
404,5,347,wildlife extinction
405,14,347,saving endangered species
406,14,347,protected endangered species
407,14,347,steps efforts endangered species
408,5,341,international airport passenger screening
409,5,341,airport screening improvements
410,5,341,airport screening technology
411,24,408,natural disasters
412,24,408,natural disaster damage
413,24,408,natural disaster kills
414,24,408,hurricane katrina
415,24,408,hurricane kills
416,15,347,prenvint native wildlife extinction
417,15,347,preventing native wildlife extinction
418,15,347,preventing wildlife extinction
419,15,347,native wildlife protection
420,15,347,wildlife protection
421,24,435,population control
422,23,408,major hurricanes
423,23,408,biggest hurricanes
424,23,408,hurricane destruction
425,23,408,most damaging hurricanes
426,1,435,countries curbing population growth
427,1,435,countries succes curbing population growth
428,1,435,countries success curbing population growth
429,25,347,prevent extinction efforts global
430,25,347,prevent extinction
431,25,347,save endangered
432,2,341,International airport security
433,42,435,reduce population growth
434,42,435,reduce population growth success
435,42,347,prevent extinction native to country wildlife
436,42,347,prevent extinction native to country
437,42,347,prevent extinction native country
438,42,347,prevent extinction native
439,42,347,prevent extinct native
440,42,347,prevent extinct native country
441,42,347,prevent extinct country
442,42,347,prevent extinct
443,9,347,native plant preservation
444,9,347,native species preservation
445,9,347,native species preservation europe
446,11,408,storm damage
447,10,341,international airport screening
448,10,341,airport luggage screening international flights
449,10,341,airport luggage screening
450,10,341,luggage screening international
451,10,341,government luggage checks
452,0,435,population reduction
453,40,435,population control
454,7,347,species conservation
455,7,347,endangered conservation
456,7,347,endangered conservation efforts
457,7,347,endangered conservation
458,7,347,local animal conservation
459,7,347,endangered animal conservation
460,7,347,endangered species conservation
461,7,347,extinction conservation
462,32,341,airports screening passengers
463,32,341,airports screening passengers effectiveness
464,49,347,extinctiion efforts countries
465,49,347,extinction efforts countries
466,39,347,prevent extinction
467,39,347,europe prevent extinction
468,39,347,asia prevent extinction
469,45,408,tropical storms significant damage
470,45,408,most disatrous storms
471,32,408,tropical storms significant damage
472,32,408,tropical storm deaths
473,33,347,prevent the extinction of native wildlife species
474,33,347,preventing extinction of native wildlife species
475,33,347,preventing extinction of native wildlife
476,33,347,preventing extinction of wildlife
477,33,347,preventing extinction of wildlife uk
478,33,347,preventing extinction of wildlife asia
479,8,435,population control methods
480,2,408,Bad storms
481,2,408,Bad tropical storms
482,2,408,tropical storms deaths
483,1,347,wildlife extinction prevention
484,1,347,wildlife extinction prevention in Africa
485,1,347,wildlife extinction prevention in Australia
486,1,347,wildlife extinction prevention
487,1,347,preventing wildlife extinction
488,1,347,preventing wildlife extinction
489,52,408,significant hurrican damage
490,52,408,devestating hurricane
491,52,408,devastating hurricane
492,51,408,property damange weather
493,51,408,property damage bad weather
494,51,435,curbing population growth
495,51,435,stopping population growth
496,51,435,curbing population growth
497,44,435,curbing population growth
498,44,435,family planning
499,5,435,slowing population growth
500,5,435,population growth efforts
501,5,435,population control
502,46,435,population control
503,46,435,population control success
504,28,435,population growth methods
505,16,347,species preservation NOT United States
506,16,347,species preservation china
507,16,347,species preservation india
508,16,347,species preservation NOT US
509,16,347,wildlife preservation NOT US
510,40,347,extinction prevention
511,40,347,extinction reversed
512,40,347,extinction prevention
513,40,347,extinction program
514,34,347,wildlife extinction efforts around the world
515,34,347,wildlife extinction efforts
516,27,408,tropical storms caused significant property damage and death
517,27,408,tropical storms caused damage and death
518,4,435,steps to reduce population growth
519,4,435,reducing population growth
520,9,435,slowing population growth
521,9,435,stopping population growth
522,9,435,limiting population growth
523,9,435,population growth limiting
524,9,435,population growth law
525,31,347,Wildlife endangered
526,31,347,Wildlife endangered non us countries
527,31,347,Wildlife endangered
528,27,435,curbing population growth
529,16,408,storm damage
530,16,408,hurricane damage
531,16,408,hurricane damage list
532,13,408,damage from tropical storms
533,13,408,damage from hurricane
534,13,408,damage from typhoon
535,29,408,tropical storm damage
536,37,435,curbing population growth
537,21,341,international airport passenger luggage screening
538,21,341,international airport improvements carry on luggage screening
539,21,341,airport improvements carry on luggage security screening
540,21,341,airport improvements carry on luggage security screening
541,21,341,airport security carry on luggage screening
542,21,341,results screening carry on luggage
543,21,341,results security screening carry on luggage
544,21,341,airport security screening carry on luggage results
545,21,341,airport security screening carry on luggage result
546,21,341,new procedures screening carry on luggage result
547,21,341,new procedures screening carry on luggage
548,21,341,procedures international airports screen passengers
549,1,341,international airport screening
550,1,341,international airport security
551,1,341,effective international passenger screening
552,31,435,Curb Population Growth
553,50,435,curbing china population growth
554,7,435,human population control
555,7,435,human population growth control
556,7,435,human population reduction
557,7,435,human population
558,7,435,human population control
559,7,435,curb human population
560,7,435,curbing human population
561,7,435,reducing human population
562,7,435,cullnig human population
563,7,435,cullinghuman population
564,7,435,culling human population
565,7,435,cull humans
566,7,435,human population control
567,17,435,Population curbing
568,17,435,Population control
569,7,341,airport screening
570,7,341,international airport screening
571,7,341,airport screening
572,7,341,airport screening effectiveness
573,7,341,intl airport screening effectiveness
574,7,341,international airport screening effectiveness
575,7,341,international airport screenings
576,7,341,airport screenings
577,21,347,wildlife conservation country efforts
578,21,347,wildlife extinction country efforts
579,21,347,wildlife prevent extinction country efforts
580,21,347,animal extinction country efforts
581,17,341,International airports screening
582,17,341,International airports passenger screening
583,17,341,airports passenger screening
584,3,408,hurricane
585,3,408,hurricane damage
586,32,435,countries controlling population growth
587,42,408,hurricane damage
588,14,341,airport improve security checks
589,14,341,international airport improve security checks
590,14,341,international airport security checks
591,14,341,airport security checks
592,19,341,screening procedures at airport
593,33,408,tropical storms that have caused significant property damage and loss of life
594,33,408,devastating tropical storms
595,24,347,preventing extinction of native wildlife species
596,24,347,preventing extinction of wildlife species
597,24,347,preventing extinction of wildlife
598,24,347,preventing extinction
599,30,347,countries preventing extinction
600,30,347,countries taking action against extinction
601,30,347,against extinction
602,26,435,population control
603,52,435,successful population control
604,36,408,hurricane kills
605,36,408,hurricane extensive damage
606,36,408,hurricane damage
607,36,408,hurricane million
608,36,408,typhoon kills
609,36,408,typhoon damage
610,36,408,tropical storm
611,36,408,tropical storm damage
612,10,435,population growth curbs
613,0,408,tropical storm damage
614,9,408,hurricane damage
615,43,408,devastating hurrican
616,43,408,devastating hurricane
617,43,408,Hurricane
618,22,341,better screening passengers and their carry-on luggage
619,22,341,airport screening of passengers and their carry-on luggage
620,22,341,airport security for passengers and their carry-on luggage
621,22,341,airport security
622,29,435,curbing population growth
623,29,435,curbing population growth China
624,29,435,curbing population growth China family planning
625,29,435,China family planning success
626,29,435,success curbing population growth
627,29,435,success curbing animL population growth
628,29,435,success curbing animAL population growth
629,41,435,curbing population growth
630,41,435,slow population growth
631,41,347,native wildlife protection
632,41,347,protection of endangered species
633,18,408,severe tropical storms
634,18,408,deadly tropical storms
635,47,408,devastating typhoons
636,47,408,deadly typhoons
637,47,408,deadly hurricane
638,47,408,devastating hurricane
639,13,435,curbing population growth
640,13,435,one child laws
641,13,435,countries that use population population control
642,13,435,countries that use population control
643,13,435,population control
644,39,435,curbing pollution
645,33,341,taken by international airports to better screen passengers and their carry-on luggage
646,33,341,screen passengers and their carry-on luggage
647,33,341,screen passengers and carry-on luggage
648,33,341,regulations involving passengers and carry-on luggage
649,33,341,airport regulations involving passengers and carry-on luggage
650,33,341,carry-on luggage regulations
651,33,341,airport carry-on luggage regulations
652,33,341,airport luggage regulations
653,33,341,airport carryon regulations
654,33,341,airport carry on regulations
655,22,435,countries curbing population growth
656,22,435,population growth plans
657,48,408,large tropical storms
658,48,408,tropical storm damage
659,46,341,airport screening
660,46,341,airport screening success
661,46,341,airport screening
662,46,341,international airport screening
663,38,341,international airports and screening passengers
664,38,341,international airports screening passengers
665,38,341,international airports screen passengers carry on luggage
666,38,341,international airports screen passengers luggage
667,0,341,international passenger screening
668,20,347,foreign wildlife extinction
669,20,347,foreign wildlife protection
670,20,347,foreign prevent extinction
671,23,347,US endangered protection
672,23,347,endangered protection
673,1,408,tropical storm damage
674,49,341,security airport
675,4,341,international passenger screening
676,4,341,international airport security
677,4,341,international airport baggage screening
678,4,341,improving international airport baggage screening
679,4,341,steps to improve international airport baggage screening
680,4,341,baggage screening at international airports
681,4,341,passenger screening at international airports
682,4,341,improving airport security internationally
683,2,347,animal protection
684,2,347,animal extinction
685,2,347,animal extinction prevention
686,18,435,curbing population growth
687,36,347,prevent extinction
688,36,347,China extinction
689,36,347,India extinction
690,36,347,Africa extinction
691,36,347,France extinction
692,36,347,Venezuela extinction
693,36,347,Canada extinction
694,36,347,Argentina extinction
695,36,347,New Zealand extinction
696,44,408,tropical storm damage
697,44,408,hurricane damage
698,37,341,international airport screening
699,37,341,international airport screening of passengers
700,37,341,airport screening of passengers
701,20,408,tropical storm damage
702,12,341,airport baggage screening
703,12,341,international airport baggage screening
704,12,341,airport baggage screening
705,6,408,hurricane deaths
706,6,408,hurricane damage
707,35,435,curbing population growth
708,35,435,stopping population growth
709,35,435,population growth
710,25,435,population growth
711,25,435,curb population growth
712,25,435,curb population growth success
713,25,435,curb
714,25,435,population growth success
