12,30,435,curbing population growth
16,23,341,carryon luggage screening
17,23,341,carry on luggage screening
18,23,341,international luggage screening
19,23,341,international luggage screening procedures
20,23,341,international luggage screening procedure
21,23,341,luggage screening procedure
22,23,341,luggage procedure
23,12,408,large scale tropical storms
24,12,408,deveastating tropical storms
25,12,408,devestating tropical storms
26,12,408,devastating tropical storms
27,12,408,killer tropical storms
28,12,408,tropical storm disaster
38,49,435,curb population growth
39,49,435,population growth measure
42,29,341,international airport screening government
43,29,341,government ordered procedure international airport
44,29,341,government ordered procedure international airport screening
45,29,341,government ordered international airport screening
46,5,408,hurricane damage
47,5,408,typhoon damage
56,18,341,international airport screening
58,3,341,screening
59,3,341,airport security
69,17,408,Tropical Storm kills
70,17,408,Tropical Storm deaths
71,17,408,Tropical Storm destroys
81,6,347,international wild life conservation
82,6,347,international conservation extinct
83,6,347,international conservation endanger
90,8,341,screening procedures international airports
91,8,341,security procedures international airports
98,41,341,screening passengers international airports
99,41,341,airport screenign carryon
100,41,341,airport screening luggage
101,41,341,passenger screening airplane
102,41,341,luggage screening airports
103,43,347,preserving wildlife efforts
104,43,347,preserving wildlife
120,20,341,international luggage screening
121,20,341,Effectiveness of internation airport screening
122,20,341,foreign airport luggage screening
123,20,341,global luggage screening
124,20,341,foreign luggage screening
125,20,341,international luggage screening
126,20,341,luggage screening for international flights
141,38,347,piracy
142,38,347,wildlife species endangered and what is being done
143,38,347,preventing extinction of wildlife
144,38,347,preventing extinction of wildlife in other countries
202,35,408,major tropical storm damage
203,35,408,tropical storm damage
204,35,408,tropical storm deaths
220,52,341,international luggage screening
221,52,341,international carry on luggage screening
222,26,341,international airport security
252,21,408,tropical storm damage deaths
253,21,408,tropical storm hurricane damage deaths
254,21,408,tropical storm damage deaths
255,21,408,deadly tropical storms damage
258,45,341,international airports passengers screen
294,28,408,tropical storm damage history
295,28,408,hurricane damage history
304,10,408,large hurricanes
305,10,408,hurricane deaths damage
306,10,408,hurricane andrew
323,39,341,international airport screening
324,39,341,screening international airport
348,48,347,saving wildlife
356,31,408,Hurricaine Loss or property
357,31,408,Storms Loss or property
358,31,408,Tropical Storms Loss or property
390,34,435,curbing population growth
391,34,435,measures taken to curb population growth
392,34,435,curb population growth
393,34,435,how to curb population growth
394,34,435,curb population growth
405,14,347,saving endangered species
406,14,347,protected endangered species
407,14,347,steps efforts endangered species
416,15,347,prenvint native wildlife extinction
417,15,347,preventing native wildlife extinction
418,15,347,preventing wildlife extinction
419,15,347,native wildlife protection
420,15,347,wildlife protection
421,24,435,population control
429,25,347,prevent extinction efforts global
430,25,347,prevent extinction
431,25,347,save endangered
443,9,347,native plant preservation
444,9,347,native species preservation
445,9,347,native species preservation europe
446,11,408,storm damage
453,40,435,population control
471,32,408,tropical storms significant damage
472,32,408,tropical storm deaths
480,2,408,Bad storms
481,2,408,Bad tropical storms
482,2,408,tropical storms deaths
483,1,347,wildlife extinction prevention
484,1,347,wildlife extinction prevention in Africa
485,1,347,wildlife extinction prevention in Australia
486,1,347,wildlife extinction prevention
487,1,347,preventing wildlife extinction
488,1,347,preventing wildlife extinction
492,51,408,property damange weather
493,51,408,property damage bad weather
502,46,435,population control
503,46,435,population control success
505,16,347,species preservation NOT United States
506,16,347,species preservation china
507,16,347,species preservation india
508,16,347,species preservation NOT US
509,16,347,wildlife preservation NOT US
516,27,408,tropical storms caused significant property damage and death
517,27,408,tropical storms caused damage and death
553,50,435,curbing china population growth
569,7,341,airport screening
570,7,341,international airport screening
571,7,341,airport screening
572,7,341,airport screening effectiveness
573,7,341,intl airport screening effectiveness
574,7,341,international airport screening effectiveness
575,7,341,international airport screenings
576,7,341,airport screenings
587,42,408,hurricane damage
592,19,341,screening procedures at airport
613,0,408,tropical storm damage
618,22,341,better screening passengers and their carry-on luggage
619,22,341,airport screening of passengers and their carry-on luggage
620,22,341,airport security for passengers and their carry-on luggage
621,22,341,airport security
635,47,408,devastating typhoons
636,47,408,deadly typhoons
637,47,408,deadly hurricane
638,47,408,devastating hurricane
639,13,435,curbing population growth
640,13,435,one child laws
641,13,435,countries that use population population control
642,13,435,countries that use population control
643,13,435,population control
645,33,341,taken by international airports
646,33,341,screen passengers and their carry-on luggage
647,33,341,screen passengers and carry-on luggage
648,33,341,regulations involving passengers and carry-on luggage
649,33,341,airport regulations involving passengers and carry-on luggage
650,33,341,carry-on luggage regulations
651,33,341,airport carry-on luggage regulations
652,33,341,airport luggage regulations
653,33,341,airport carryon regulations
654,33,341,airport carry on regulations
675,4,341,international passenger screening
676,4,341,international airport security
677,4,341,international airport baggage screening
678,4,341,improving international airport baggage screening
679,4,341,steps to improve international airport baggage screening
680,4,341,baggage screening at international airports
681,4,341,passenger screening at international airports
682,4,341,improving airport security internationally
687,36,347,prevent extinction
688,36,347,China extinction
689,36,347,India extinction
690,36,347,Africa extinction
691,36,347,France extinction
692,36,347,Venezuela extinction
693,36,347,Canada extinction
694,36,347,Argentina extinction
695,36,347,New Zealand extinction
696,44,408,tropical storm damage
697,44,408,hurricane damage
698,37,341,international airport screening
699,37,341,international airport screening of passengers
700,37,341,airport screening of passengers