54,50,347,saving wildlife from extinction
61,14,347,conservation efforts
62,14,347,conservation efforts species
63,14,347,conservation efforts species new
64,36,347,wildlife preservation efforts around the world
65,36,347,wildlife preservation efforts
96,28,408,tropical storms property damage
127,35,408,tropical storm damage
128,35,408,tropical hurricane damage
129,35,408,hurricane damage florida
130,35,408,hurricane andrew
131,35,408,hurricane floyd
132,35,408,hurricane texas
133,35,408,hurricane bret
134,35,408,hurricane louisiana
135,35,408,hurricane sandy
136,35,408,hurricane mitc
137,35,408,hurricane mitch
138,35,408,hurricane deadliest
139,35,408,typhoon deadliest
140,35,408,typhoon damage
197,2,435,curbing population growth
198,2,435,curbing population growth successful
199,2,435,curbing population success
200,2,435,curbing human population success
201,2,435,human population success
202,2,435,human population
203,2,435,population growth succes
204,2,435,population growth success
205,31,408,hurricane irma
206,31,408,damaging hurricane
207,31,408,hurricane fatality
225,25,435,china population control
226,25,435,successful population control
227,25,435,country succeeds population control
228,25,435,what countries have population control
229,25,435,india birth control
230,25,435,countries have population control
231,25,435,what countries have population control
232,25,435,birth control
233,25,435,country succeeds birth control
234,25,435,population measure reduced
235,25,435,population india
236,25,435,population growth government program
237,25,435,pakistan population program
238,25,435,pakistan population program results
239,25,435,thailand population program
240,25,435,thailand population growth
241,25,435,thailand population control
242,25,435,thailand population control program
256,19,347,efforts made by countries other than the united states to prevent the extinction of wildlife species native to their countries
257,19,347,efforts to prevent extinction
258,19,347,efforts to prevent extinction of tigers
259,19,347,efforts to prevent extinction
260,19,347,efforts to prevent extinction of birds
261,19,347,prevent extinction fo birts
262,19,347,prevent extinctionof birds
263,19,347,prevent extinction of birds
264,19,347,prevent extinction of birds asia
265,19,347,prevent extinction of birds india
266,19,347,prevent extinction of birds russia
267,19,347,prevent extinction of birds austriala
268,19,347,extinction of birds australia
269,19,347,extinction of birds asia
305,6,435,curbing population growth
306,6,435,curbing population growth policies
307,6,435,curbing population growth policies
308,47,341,government screen carry on luggage
309,47,341,government screen carry on
310,47,341,carry on luggage
350,42,408,tropical storm damage
353,44,341,screening procedures new airports
354,44,341,new international airports
355,44,341,new bangkok international airport
356,44,341,new bangkok international airport screening
357,44,341,new bangkok international airport screening passagers
358,44,341,new bangkok international airport passager screening
359,44,341,international airport passager screening
360,44,341,international airport passengers screening
361,44,341,international airport passengers screening bangkok
362,44,341,international airport passengers screening wellington
363,44,341,international airport passengers screening
364,44,341,international airport passengers screening protection
365,44,341,international airport passengers screening procedure
366,44,341,international airport screening
367,44,341,international airport screening
368,44,341,airport screening wellington
369,44,341,airport security screening
370,44,341,airport security screening international
371,44,341,security screening international airports
372,44,341,security screening indonesia airports
373,44,341,luggage screening airports
374,44,341,internatirnational flight
375,44,341,international flight screening
376,44,341,international flight screening rules
377,44,341,flight screening rules
378,44,341,screening rules
379,44,341,screening rules planes
380,44,341,screening rules planes
381,44,341,security checks airports
382,27,341,international luggage screening airports
383,27,341,international carry on luggage screening airports
384,27,341,international carry on luggage screening
386,24,435,curb population population growth
417,10,341,new airport luggage screen
418,10,341,new international airport luggage screen
419,10,341,new international airport luggage screen
420,10,341,new international airport luggage screening
421,10,341,new international airport screening
422,10,341,new international airport luggage screen
423,10,341,new international airport bag check
424,10,341,new international airport
425,10,341,new international airport security
429,18,435,population measures
430,18,435,population control measures
431,41,408,major hurricane
432,41,408,hurricane floyd
433,41,408,hurricane floyd hits
434,41,408,devastating hurricane
435,41,408,hurricane mitch
436,41,408,devastating hurricane
437,41,408,hurricane mitch
438,41,408,hurricane mitch honduras
439,41,408,hurricane mitch death toll
440,41,408,hurricane georges
441,41,408,hurricane georges hits
442,41,408,hurricane fifi
443,41,408,hurricane fifi hits
444,41,408,hurricane fifi hits mitch
445,41,408,hurricane fifi hits
446,41,408,deadly hurricane
447,41,408,deadly typhoono
448,41,408,deadly typhoon
449,41,408,typhoon
450,41,408,hurricane
451,41,408,hurricane danielle
452,41,408,hurricane
453,41,408,destructive hurricane
471,45,435,successful curbing population growth
472,45,435,successful curbing population growth
473,45,435,population growth growth china
474,5,408,worst typhoons
475,5,408,worst hurricanes
476,5,408,hurricane andrew
477,5,408,hurricane andrew florida
478,5,408,labor day hurricane
479,5,408,labor day hurricane
480,5,408,labor day hurricane 1935
481,5,408,hurricane fifi
482,5,408,el nino storm
483,5,408,deadliest hurricanes
484,5,408,deadliest tropical storms
493,32,435,curbing population growth
494,40,347,china saves pandas
495,40,347,sahara animal sanctions
496,40,347,sahara animal sanctuary
497,40,347,saving the african lion
498,40,347,how animals are protected in the india
499,40,347,extinct animals in south america
500,40,347,how to save animals in tropical rainforest
501,40,347,endangered species
509,17,341,screening airport efforts
510,17,341,government order airport security
511,17,341,airport security effectiveness
512,17,341,airport security order
513,17,341,better screen passengers and their carry-on luggage
514,17,341,airport screening
515,22,347,international wildlife conservation
516,22,347,international wildlife conservation species
529,46,435,measures to stop population growth
530,46,435,countries stopping population growth
531,46,435,control of population
532,46,435,russia control of population
533,23,341,carry on luggage screen airports
534,23,341,carry on luggage screen israel
535,23,341,luggage screen israel
536,23,341,carry on luggage israel
537,23,341,carry on luggage airline
545,7,408,hurricane damage
568,8,435,china curbs population population growth
569,8,435,reduce population program
575,4,341,carryon screening europe
576,4,341,carryon screening europe
577,4,341,carryon screening european airport
578,4,341,carry on screening european airport
579,4,341,screening luggage european airports
580,4,341,screening passengers european airports
581,4,341,screening passengers african airports
582,4,341,screening passengers asian airports
583,4,341,screening procedures international airports
584,4,341,screening luggage international airports
609,13,408,hurricanes death toll
610,13,408,tropical storm destruction
617,0,408,hurricane devastation
618,0,408,typhoon devastation
619,0,408,storm devastation
641,26,435,population control
642,26,435,population control success
643,38,341,screen passengers and their carry-on luggage at new airports
644,38,341,new airports screen passengers and their carry-on luggage
645,38,341,new airports screening passengers and their carry-on luggage
646,38,341,new airports
671,11,435,countries discuss curbing population growth rate
672,11,435,curbing population growth rate
681,48,347,wildlife extinction prevention
682,48,347,wildlife extinction
702,39,435,counties that have been successful in population control
703,39,435,counties that have been successful in curbing population growth
704,39,435,countries that have been successful in curbing population growth
721,3,435,countries curbing population growth
722,3,435,how countries are curbing population growth
723,3,435,how countries population control programs
724,3,435,countries population control programs
750,12,408,hurricane major damage
778,33,435,curbing population rates
789,37,341,screening airport passengers
790,37,341,airport passengers safety
791,37,341,airport safety measures
792,37,341,airport passenger safety measures
793,37,341,passenger screening
794,37,341,airport safety measures
795,37,341,international airport passenger screening
796,37,341,airport screening
797,37,341,airport security
828,34,435,curbing population growth
829,34,435,stopping population growth
919,1,435,population control program
920,1,435,population control program success
921,1,435,africa population control
922,1,435,africa population control program
923,1,435,population control success
925,29,341,international airport screening
926,29,341,international flight carry on
927,29,341,international flight carry on screening
928,43,347,brazil wildlife conservation
929,43,347,brazil animal conservation
930,43,347,china animal conservation
931,43,347,tiger animal conservation
932,43,347,rhino animal conservation
933,43,347,elephant animal conservation
934,43,347,endangered animal conservation
935,43,347,save near extinct species
947,20,341,international airports carry on
948,20,341,international airports security
949,20,341,international airports carry on
950,20,341,international airports screening
975,9,341,airport screening of bags
976,9,341,airport procedures for screening of bags
977,9,341,airports procedures for screening of bags
978,9,341,screening airport bags
979,9,341,new airports to screen bags
983,21,408,major tropical storms
984,21,408,major tropical storms history
985,21,408,most damaging tropic storms history
986,21,408,most damaging tropical storms history
987,16,347,prevent extinction in europe
988,16,347,prevent extinction of species
995,30,341,international passenger screening
996,30,341,international airport screening
997,30,341,international airport security
1076,49,347,extinction prevention
1081,15,435,countries successful in curbing population growth
1082,15,435,china successful in curbing population growth
1083,15,435,africa successful curbing population growth
1084,15,435,curbing population growth
1085,15,435,curbing population growth in zhejiang
1086,15,435,curbing population growth in china
1087,15,435,curbing population growth in india
